{"cameraMode":{"drawMode":0,"name":"Shaded","section":"Shading Mode"},"sceneLighting":true,"audioPlay":false,"sceneViewState":{"showFog":true,"showMaterialUpdate":false,"showSkybox":true,"showFlares":true,"showImageEffects":true,"showParticleSystems":true},"in2DMode":false,"pivot":{"x":0.9165143966674805,"y":-4.29645299911499,"z":4.468593597412109},"rotation":{"x":0.37679922580718996,"y":0.19452379643917085,"z":-0.08125491440296173,"w":0.9020116925239563},"size":9.550000190734864,"orthographic":false}